{"cameraMode":{"drawMode":0,"name":"Shaded","section":"Shading Mode"},"sceneLighting":false,"audioPlay":false,"sceneViewState":{"showFog":true,"showMaterialUpdate":false,"showSkybox":false,"showFlares":true,"showImageEffects":true,"showParticleSystems":true},"in2DMode":false,"pivot":{"x":-0.1618099808692932,"y":0.14704102277755738,"z":0.03733968734741211},"rotation":{"x":-0.07579066604375839,"y":-0.7924039959907532,"z":0.10062656551599503,"w":-0.5968776345252991},"size":10.72482681274414,"orthographic":false}