{"cameraMode":{"drawMode":0,"name":"Shaded","section":"Shading Mode"},"sceneLighting":false,"audioPlay":false,"sceneViewState":{"showFog":true,"showMaterialUpdate":false,"showSkybox":false,"showFlares":true,"showImageEffects":true,"showParticleSystems":true},"in2DMode":false,"pivot":{"x":0.26426970958709719,"y":0.02140331268310547,"z":0.2616375684738159},"rotation":{"x":0.05734910070896149,"y":0.6799982786178589,"z":-0.05348483845591545,"w":0.7290413975715637},"size":1.5484023094177247,"orthographic":false}