{"cameraMode":{"drawMode":0,"name":"Shaded","section":"Shading Mode"},"sceneLighting":false,"audioPlay":false,"sceneViewState":{"showFog":true,"showMaterialUpdate":false,"showSkybox":false,"showFlares":true,"showImageEffects":true,"showParticleSystems":true},"in2DMode":false,"pivot":{"x":-1.1973689794540406,"y":-0.07527053356170654,"z":0.10606995970010758},"rotation":{"x":-0.07579066604375839,"y":-0.7924039959907532,"z":0.10062656551599503,"w":-0.5968776345252991},"size":1.7748444080352784,"orthographic":false}