{"cameraMode":{"drawMode":0,"name":"Shaded","section":"Shading Mode"},"sceneLighting":false,"audioPlay":false,"sceneViewState":{"showFog":true,"showMaterialUpdate":false,"showSkybox":false,"showFlares":true,"showImageEffects":true,"showParticleSystems":true},"in2DMode":false,"pivot":{"x":0.2970952093601227,"y":-0.18860481679439546,"z":0.6047072410583496},"rotation":{"x":0.26340433955192568,"y":0.7059183716773987,"z":-0.3254544734954834,"w":0.5713080167770386},"size":1.6416587829589844,"orthographic":false}