{"cameraMode":{"drawMode":0,"name":"Shaded","section":"Shading Mode"},"sceneLighting":false,"audioPlay":false,"sceneViewState":{"showFog":true,"showMaterialUpdate":false,"showSkybox":false,"showFlares":true,"showImageEffects":true,"showParticleSystems":true},"in2DMode":false,"pivot":{"x":0.8840652108192444,"y":0.18571577966213227,"z":0.8608977794647217},"rotation":{"x":0.030535519123077394,"y":0.62162846326828,"z":-0.024245521053671838,"w":0.7823720574378967},"size":2.4663286209106447,"orthographic":false}