{"cameraMode":{"drawMode":0,"name":"Shaded","section":"Shading Mode"},"sceneLighting":false,"audioPlay":false,"sceneViewState":{"showFog":true,"showMaterialUpdate":false,"showSkybox":false,"showFlares":true,"showImageEffects":true,"showParticleSystems":true},"in2DMode":false,"pivot":{"x":0.7899017333984375,"y":1.3691599369049073,"z":-0.4756980538368225},"rotation":{"x":-0.057538144290447238,"y":-0.756109893321991,"z":-0.06709100306034088,"w":0.6484503746032715},"size":4.100847244262695,"orthographic":false}