{"cameraMode":{"drawMode":0,"name":"Shaded","section":"Shading Mode"},"sceneLighting":false,"audioPlay":false,"sceneViewState":{"showFog":true,"showMaterialUpdate":false,"showSkybox":false,"showFlares":true,"showImageEffects":true,"showParticleSystems":true},"in2DMode":false,"pivot":{"x":-0.005532652139663696,"y":-0.007593780755996704,"z":0.10309624671936035},"rotation":{"x":-0.054734546691179278,"y":-0.6683287024497986,"z":0.0494186207652092,"w":-0.7402158379554749},"size":5.708878040313721,"orthographic":false}