{"cameraMode":{"drawMode":0,"name":"Shaded","section":"Shading Mode"},"sceneLighting":false,"audioPlay":false,"sceneViewState":{"showFog":true,"showMaterialUpdate":false,"showSkybox":false,"showFlares":true,"showImageEffects":true,"showParticleSystems":true},"in2DMode":false,"pivot":{"x":-0.12507891654968263,"y":0.07779687643051148,"z":0.843638002872467},"rotation":{"x":0.060594592243433,"y":0.7251512408256531,"z":-0.06434357911348343,"w":0.682896614074707},"size":1.4220399856567383,"orthographic":false}